Name,Team,G,PA,HR,R,RBI,SB,BB%,K%,ISO,BABIP,AVG,OBP,SLG,wOBA,wRC+,BsR,Off,Def,WAR,playerid
Mike Trout,Angels,157,705,36,115,111,16,11.80%,26.10%,0.274,0.349,0.287,0.377,0.561,0.402,167,4.8,56.9,-8.4,7.8,10155
Andrew McCutchen,Pirates,146,648,25,89,83,18,13.00%,17.70%,0.228,0.355,0.314,0.41,0.542,0.412,168,1.5,51.1,-8.6,6.8,9847
Michael Brantley,Indians,156,676,20,94,97,23,7.70%,8.30%,0.178,0.333,0.327,0.385,0.506,0.389,155,7.8,48.8,-10.4,6.6,4106
Anthony Rendon,Nationals,153,683,21,111,83,17,8.50%,15.20%,0.186,0.314,0.287,0.351,0.473,0.361,130,7.4,30.7,9.2,6.6,12861
Alex Gordon,Royals,156,643,19,87,74,12,10.10%,19.60%,0.165,0.31,0.266,0.351,0.432,0.346,122,5.9,21.3,17.9,6.6,5209
Josh Donaldson,Athletics,158,695,29,93,98,8,10.90%,18.70%,0.201,0.278,0.255,0.342,0.456,0.351,129,-2.8,19.1,16.7,6.4,5038
Jose Bautista,Blue Jays,155,673,35,101,103,6,15.50%,14.30%,0.239,0.287,0.286,0.403,0.524,0.402,159,-2,41.5,-5.8,6.3,1887
Jonathan Lucroy,Brewers,153,655,13,73,69,4,10.10%,10.80%,0.164,0.324,0.301,0.373,0.465,0.368,133,-1,23.4,14.6,6.3,7870
Giancarlo Stanton,Marlins,145,638,37,89,105,13,14.70%,26.60%,0.267,0.353,0.288,0.395,0.555,0.403,159,-0.6,41.5,-5.1,6.1,4949
Carlos Gomez,Brewers,148,644,23,95,73,34,7.30%,21.90%,0.193,0.339,0.284,0.356,0.477,0.368,132,3.3,26.8,7.8,5.9,4881
Adrian Beltre,Rangers,148,614,19,79,77,1,9.30%,12.10%,0.168,0.345,0.324,0.388,0.492,0.38,141,0.2,27.9,4.7,5.8,639
Buster Posey,Giants,147,605,22,72,89,0,7.80%,11.40%,0.179,0.319,0.311,0.364,0.49,0.371,144,-3,26.8,7,5.7,9166
Ben Zobrist,Rays,146,654,10,83,52,10,11.50%,12.80%,0.123,0.301,0.272,0.354,0.395,0.333,119,2.6,16.2,14.4,5.7,7435
Anthony Rizzo,Cubs,140,616,32,89,78,5,11.90%,18.80%,0.24,0.311,0.286,0.386,0.527,0.397,153,-0.3,36.4,-3.8,5.6,3473
Kyle Seager,Mariners,159,654,25,71,96,7,8.00%,18.00%,0.186,0.296,0.268,0.334,0.454,0.346,126,-2.2,16.4,12.9,5.5,9785
Ian Kinsler,Tigers,161,726,17,100,92,15,4.00%,10.90%,0.145,0.288,0.275,0.307,0.42,0.319,102,9.1,10.8,15.4,5.4,6195
Jhonny Peralta,Cardinals,157,628,21,61,75,3,9.20%,17.80%,0.18,0.292,0.263,0.336,0.443,0.343,120,-2.2,12.2,18.8,5.4,1738
Adam Jones,Orioles,159,682,29,88,96,7,2.80%,19.50%,0.188,0.311,0.281,0.311,0.469,0.34,117,4.6,17.2,10.2,5.4,6368
Miguel Cabrera,Tigers,159,685,25,101,109,1,8.80%,17.10%,0.211,0.346,0.313,0.371,0.524,0.384,147,0.3,36,-9.2,5.4,1744
Jose Abreu,White Sox,145,622,36,80,107,3,8.20%,21.10%,0.264,0.356,0.317,0.383,0.581,0.411,165,-2,42.3,-14.4,5.3,15676
Russell Martin,Pirates,111,460,11,45,67,4,12.80%,17.00%,0.14,0.336,0.29,0.402,0.43,0.37,140,-1.1,19.4,14.9,5.3,4616
Robinson Cano,Mariners,157,665,14,77,82,10,9.20%,10.20%,0.139,0.335,0.314,0.382,0.454,0.361,136,2.4,28.8,-2.4,5.2,3269
Jose Altuve,Astros,158,707,7,85,59,56,5.10%,7.50%,0.112,0.36,0.341,0.377,0.453,0.363,135,7.2,34.2,-10.1,5.1,5417
Yasiel Puig,Dodgers,148,640,16,92,69,11,10.50%,19.40%,0.185,0.356,0.296,0.382,0.48,0.379,147,-0.3,33.5,-5.7,5.1,14225
Jason Heyward,Braves,149,649,11,74,58,20,10.30%,15.10%,0.113,0.308,0.271,0.351,0.384,0.329,110,3,10.1,17.3,5.1,4940
Troy Tulowitzki,Rockies,91,375,21,71,52,1,13.30%,15.20%,0.263,0.355,0.34,0.432,0.603,0.444,171,-1.2,28.6,6.8,5.1,3531
Steve Pearce,Orioles,102,383,21,51,49,5,10.40%,19.80%,0.263,0.322,0.293,0.373,0.556,0.404,161,1,26.8,5.4,4.9,9957
Josh Harrison,Pirates,143,550,13,77,52,18,4.00%,14.70%,0.175,0.353,0.315,0.347,0.49,0.365,137,2.6,25.2,3.1,4.9,8202
Lorenzo Cain,Royals,133,502,5,55,53,28,4.80%,21.50%,0.11,0.38,0.301,0.339,0.412,0.33,111,5.3,11.4,16.8,4.9,9077
Jayson Werth,Nationals,147,629,16,85,82,9,13.20%,18.00%,0.163,0.343,0.292,0.394,0.455,0.377,141,4.2,33.3,-8.5,4.8,1327
Hunter Pence,Giants,162,708,20,106,74,13,7.30%,18.40%,0.168,0.318,0.277,0.332,0.445,0.341,123,7,25.4,-3.4,4.7,8252
Todd Frazier,Reds,157,660,29,88,80,20,7.90%,21.10%,0.186,0.309,0.273,0.336,0.459,0.35,122,3.3,19.5,3.4,4.7,785
Brian Dozier,Twins,156,707,23,112,71,21,12.60%,18.20%,0.174,0.269,0.242,0.345,0.416,0.34,118,8.3,22.1,-2.7,4.6,9810
Yan Gomes,Indians,135,518,21,61,74,0,4.60%,23.20%,0.194,0.326,0.278,0.313,0.472,0.34,121,0.9,13,12.4,4.6,9627
Howie Kendrick,Angels,157,674,7,85,75,14,7.10%,16.30%,0.104,0.347,0.293,0.347,0.397,0.328,115,-0.1,11,8.8,4.6,4229
Victor Martinez,Tigers,151,641,32,87,103,3,10.90%,6.60%,0.23,0.316,0.335,0.409,0.565,0.411,166,-6.2,40.7,-21.2,4.4,393
Chase Headley,- - -,135,531,13,55,49,7,9.60%,23.00%,0.13,0.301,0.243,0.328,0.372,0.316,103,0.5,2.1,21.6,4.4,4720
Devin Mesoraco,Reds,114,440,25,54,80,1,9.30%,23.40%,0.26,0.309,0.273,0.359,0.534,0.387,147,-3.7,19.5,7.3,4.4,5666
Dustin Pedroia,Red Sox,135,609,7,72,53,6,8.40%,12.30%,0.098,0.307,0.278,0.337,0.376,0.318,99,0.3,-0.2,20.3,4.4,8370
Paul Goldschmidt,Diamondbacks,109,479,19,75,69,9,13.40%,23.00%,0.241,0.368,0.3,0.396,0.542,0.402,155,3.4,32.9,-7.3,4.4,9218
Christian Yelich,Marlins,144,660,9,94,54,21,10.60%,20.80%,0.119,0.356,0.284,0.362,0.402,0.341,116,4.1,16.1,4,4.3,11477
Freddie Freeman,Braves,162,708,18,93,78,3,12.70%,20.50%,0.173,0.351,0.288,0.386,0.461,0.374,140,-3.5,28.5,-11.4,4.2,5361
Ian Desmond,Nationals,154,648,24,73,91,24,7.10%,28.20%,0.175,0.326,0.255,0.313,0.43,0.329,108,5.2,11.2,7.2,4.1,6885
Chase Utley,Phillies,155,664,11,74,78,10,8.00%,12.80%,0.138,0.295,0.27,0.339,0.407,0.325,106,3.3,7.6,10.3,4.1,1679
Erick Aybar,Angels,156,641,7,77,68,16,5.60%,9.70%,0.1,0.297,0.278,0.321,0.379,0.308,101,0.9,1.9,14.6,4.1,4082
Starling Marte,Pirates,135,545,13,73,56,30,6.10%,24.00%,0.162,0.373,0.291,0.356,0.453,0.358,132,5.8,25.3,-4.5,4.1,9241
Justin Upton,Braves,154,641,29,77,102,8,9.40%,26.70%,0.221,0.332,0.27,0.342,0.491,0.363,133,0.6,24.4,-7.7,3.9,5222
Nelson Cruz,Orioles,159,678,40,87,108,4,8.10%,20.60%,0.254,0.288,0.271,0.333,0.525,0.37,137,-3.3,24.6,-11.2,3.9,2434
Denard Span,Nationals,147,668,5,94,37,31,7.50%,9.70%,0.115,0.33,0.302,0.355,0.416,0.341,117,4.9,17.7,-2.4,3.8,8347
Kevin Kiermaier,Rays,108,364,10,35,35,5,6.30%,19.50%,0.187,0.306,0.263,0.315,0.45,0.333,119,0.2,7.7,15.5,3.8,11038
Juan Lagares,Mets,116,452,4,46,47,13,4.40%,19.20%,0.101,0.341,0.281,0.321,0.382,0.31,101,0.8,1.3,20.2,3.8,5384
Juan Uribe,Dodgers,103,404,9,36,54,0,3.70%,19.10%,0.13,0.368,0.311,0.337,0.44,0.34,120,-0.6,8.7,14.1,3.8,454
Matt Carpenter,Cardinals,158,709,8,99,59,5,13.40%,15.70%,0.103,0.318,0.272,0.375,0.375,0.339,117,-1.4,12.1,1.4,3.8,8090
Matt Holliday,Cardinals,156,667,20,83,90,4,11.10%,15.00%,0.169,0.298,0.272,0.37,0.441,0.36,132,-0.2,23.7,-9.1,3.8,1873
Neil Walker,Pirates,137,571,23,74,76,2,7.90%,15.40%,0.195,0.288,0.271,0.342,0.467,0.356,130,2.2,21.5,-4.8,3.7,7539
J.D. Martinez,Tigers,123,480,23,57,76,6,6.30%,26.30%,0.238,0.389,0.315,0.358,0.553,0.391,153,-2.8,25,-6.9,3.7,6184
Marcell Ozuna,Marlins,153,612,23,72,85,3,6.70%,26.80%,0.186,0.337,0.269,0.317,0.455,0.338,114,0.6,10.3,4.9,3.7,10324
Jacoby Ellsbury,Yankees,149,635,16,71,70,39,7.70%,14.60%,0.148,0.296,0.271,0.328,0.419,0.327,107,5.7,10.6,2.1,3.6,4727
Kole Calhoun,Angels,127,537,17,90,58,5,7.10%,19.40%,0.178,0.313,0.272,0.325,0.45,0.341,125,0.8,15.4,0.3,3.6,11200
Jimmy Rollins,Phillies,138,609,17,78,55,28,10.50%,16.40%,0.151,0.269,0.243,0.323,0.394,0.319,102,3.6,5.2,9.5,3.6,971
Edwin Encarnacion,Blue Jays,128,542,34,75,98,2,11.40%,15.10%,0.279,0.26,0.268,0.354,0.547,0.389,150,1.1,30.8,-15.8,3.6,2151
Billy Hamilton,Reds,152,611,6,72,48,56,5.60%,19.10%,0.105,0.304,0.25,0.292,0.355,0.287,79,6.4,-7.9,22,3.5,10199
Trevor Plouffe,Twins,136,582,14,69,80,2,9.10%,18.70%,0.165,0.299,0.258,0.328,0.423,0.331,112,-2.1,5.5,7.8,3.5,7462
Leonys Martin,Rangers,155,583,7,68,40,31,6.70%,19.60%,0.09,0.336,0.274,0.325,0.364,0.306,89,6.5,-0.3,13.3,3.5,11846
Adrian Gonzalez,Dodgers,159,660,27,83,116,1,8.50%,17.00%,0.206,0.294,0.276,0.335,0.482,0.351,128,-2.8,17.9,-6,3.5,1908
Alcides Escobar,Royals,162,620,3,74,50,31,3.70%,13.40%,0.092,0.326,0.285,0.317,0.377,0.307,94,6.2,2.4,9,3.4,6310
J.J. Hardy,Orioles,141,569,9,56,52,0,5.10%,18.30%,0.104,0.317,0.268,0.309,0.372,0.303,90,-1.7,-7.6,20.4,3.4,3797
Yoenis Cespedes,- - -,152,645,22,89,100,7,5.40%,19.80%,0.19,0.293,0.26,0.301,0.45,0.326,109,3.2,9.8,0.4,3.4,13110
Hanley Ramirez,Dodgers,128,512,13,64,71,14,10.90%,16.40%,0.165,0.323,0.283,0.369,0.448,0.362,135,1.5,21.8,-6.1,3.4,8001
Evan Longoria,Rays,162,700,22,83,91,5,8.10%,19.00%,0.151,0.285,0.253,0.32,0.404,0.316,107,1.4,6.7,1.2,3.4,9368
Desmond Jennings,Rays,123,542,10,64,36,15,8.70%,19.90%,0.134,0.296,0.244,0.319,0.378,0.313,105,3.6,6.4,6.3,3.3,1965
Alexei Ramirez,White Sox,158,657,15,82,74,21,3.70%,12.30%,0.135,0.292,0.273,0.305,0.408,0.314,97,4.3,2.4,6.4,3.3,5133
Albert Pujols,Angels,159,695,28,89,105,5,6.90%,10.20%,0.194,0.265,0.272,0.324,0.466,0.34,124,-3.5,14.6,-7,3.3,1177
A.J. Pollock,Diamondbacks,75,287,7,41,24,14,6.60%,16.00%,0.196,0.344,0.302,0.353,0.498,0.372,134,2.3,13.4,8,3.3,9256
Jose Reyes,Blue Jays,143,655,9,94,51,30,5.80%,11.10%,0.111,0.312,0.287,0.328,0.398,0.321,102,7.1,8.8,-0.1,3.3,1736
Salvador Perez,Royals,150,606,17,57,70,1,3.60%,14.00%,0.144,0.278,0.26,0.289,0.403,0.303,92,-1.3,-6.5,16.6,3.3,7304
Danny Santana,Twins,101,430,7,70,40,20,4.40%,22.80%,0.153,0.405,0.319,0.353,0.472,0.362,133,4.1,19.7,-4.3,3.2,10322
Carlos Ruiz,Phillies,110,445,6,43,31,4,10.30%,13.50%,0.118,0.281,0.252,0.347,0.37,0.323,105,-1.3,1.2,14.8,3.2,2579
Justin Turner,Dodgers,109,322,7,46,43,6,8.70%,18.00%,0.153,0.404,0.34,0.404,0.493,0.394,157,0.9,21.5,-1.9,3.2,5235
Brett Gardner,Yankees,148,636,17,87,58,21,8.80%,21.10%,0.166,0.305,0.256,0.327,0.422,0.331,110,4.5,11.4,-2.9,3.2,9927
Carlos Santana,Indians,152,660,27,68,85,5,17.10%,18.80%,0.196,0.249,0.231,0.365,0.427,0.353,131,-0.6,21.6,-14.6,3.1,2396
Nolan Arenado,Rockies,111,467,18,58,61,2,5.40%,12.40%,0.213,0.294,0.287,0.328,0.5,0.359,113,-0.2,6.8,7.6,3.1,9777
Dee Gordon,Dodgers,148,650,2,92,34,64,4.80%,16.50%,0.089,0.346,0.289,0.326,0.378,0.312,101,9.4,10.2,-1.3,3.1,8203
Jarrod Dyson,Royals,120,290,1,33,24,36,7.60%,17.90%,0.058,0.33,0.269,0.324,0.327,0.293,85,4.5,-0.1,18.9,3.1,4866
Yadier Molina,Cardinals,110,445,7,40,38,1,6.30%,12.40%,0.104,0.307,0.282,0.333,0.386,0.317,102,-0.9,0.2,14.4,3.1,7007
Lucas Duda,Mets,153,596,30,74,92,3,11.60%,22.70%,0.228,0.283,0.253,0.349,0.481,0.361,136,-2.7,21.1,-11,3,2502
Pablo Sandoval,Giants,157,638,16,68,73,0,6.10%,13.30%,0.136,0.3,0.279,0.324,0.415,0.323,111,-4.7,3.3,5.3,3,5409
Rene Rivera,Padres,103,329,11,27,44,0,8.20%,23.10%,0.18,0.301,0.252,0.319,0.432,0.329,114,-2.2,2.9,14.4,3,3648
Chris Iannetta,Angels,108,373,7,41,43,3,14.50%,24.40%,0.141,0.329,0.252,0.373,0.392,0.343,126,0.1,10.6,4.2,2.9,8267
Ender Inciarte,Diamondbacks,118,447,4,54,27,19,5.60%,11.90%,0.081,0.31,0.278,0.318,0.359,0.303,87,1.1,-5.4,19,2.9,4922
Starlin Castro,Cubs,134,569,14,58,65,4,6.20%,17.60%,0.146,0.337,0.292,0.339,0.438,0.341,115,-2.7,6.9,2.4,2.9,4579
Sam Fuld,- - -,113,402,4,40,36,21,10.70%,15.70%,0.103,0.28,0.239,0.321,0.342,0.298,90,3.3,-1,13.7,2.8,8254
Daniel Murphy,Mets,143,642,9,79,57,13,6.10%,13.40%,0.114,0.322,0.289,0.332,0.403,0.324,110,3.7,10.8,-4.5,2.8,4316
Scott Van Slyke,Dodgers,98,246,11,32,29,4,11.40%,28.90%,0.226,0.394,0.297,0.386,0.524,0.398,160,-1.2,15.3,2.6,2.8,4365
Luis Valbuena,Cubs,149,547,16,68,51,1,11.90%,20.70%,0.186,0.294,0.249,0.341,0.435,0.342,116,0,9.7,-1.1,2.7,4969
Brandon Crawford,Giants,153,564,10,54,69,5,10.50%,22.90%,0.143,0.307,0.246,0.324,0.389,0.309,102,-0.8,0.4,7.5,2.7,5343
Adam Eaton,White Sox,123,538,1,76,35,15,8.00%,15.40%,0.101,0.359,0.3,0.362,0.401,0.34,115,-0.3,8.7,-1.6,2.7,11205
Seth Smith,Padres,136,521,12,55,48,1,13.20%,16.70%,0.174,0.305,0.266,0.367,0.44,0.357,133,-2.1,17.2,-8.6,2.6,7331
Melky Cabrera,Blue Jays,139,621,16,81,73,6,6.90%,10.80%,0.157,0.316,0.301,0.351,0.458,0.354,125,-1.3,16,-12.1,2.6,4022
Martin Prado,- - -,143,573,12,62,58,3,4.50%,14.00%,0.131,0.31,0.282,0.321,0.412,0.324,103,-0.2,1.3,5.3,2.6,3312
Corey Dickerson,Rockies,131,478,24,74,76,8,7.70%,21.10%,0.255,0.356,0.312,0.364,0.567,0.399,140,-1.5,20.1,-10.3,2.6,10762
Daniel Nava,Red Sox,113,408,4,41,37,4,8.10%,19.90%,0.091,0.336,0.27,0.346,0.361,0.319,100,1.6,1.6,8.5,2.6,5450
Justin Morneau,Rockies,135,550,17,62,82,0,6.20%,10.90%,0.177,0.33,0.319,0.364,0.496,0.373,123,-3.7,10.2,-3.3,2.5,1737
Carl Crawford,Dodgers,105,370,8,56,46,23,4.30%,14.90%,0.128,0.335,0.3,0.339,0.429,0.338,119,4.3,12.2,-0.2,2.5,1201
Jon Jay,Cardinals,140,468,3,52,46,6,6.00%,16.70%,0.075,0.363,0.303,0.372,0.378,0.336,115,-2.2,5.9,3.2,2.5,5227
Manny Machado,Orioles,82,354,12,38,32,2,5.60%,19.20%,0.153,0.317,0.278,0.324,0.431,0.332,111,-0.8,3.5,7.8,2.5,11493
Mike Napoli,Red Sox,119,500,17,49,55,3,15.60%,26.60%,0.171,0.321,0.248,0.37,0.419,0.353,124,-2.5,10.5,-4,2.5,3057
Drew Stubbs,Rockies,132,424,15,67,43,20,7.10%,32.10%,0.193,0.404,0.289,0.339,0.482,0.358,113,4,10,0,2.5,9328
Nick Markakis,Orioles,155,710,14,81,50,4,8.70%,11.80%,0.111,0.299,0.276,0.342,0.386,0.325,106,-2.7,2.1,-2.5,2.5,5930
Derek Norris,Athletics,127,442,10,46,55,2,12.20%,19.50%,0.132,0.324,0.27,0.361,0.403,0.341,122,-2.2,8.7,-0.6,2.5,6867
David Ortiz,Red Sox,142,602,35,59,104,0,12.50%,15.80%,0.255,0.256,0.263,0.355,0.517,0.369,135,-6.2,17,-14.2,2.4,745
Robinson Chirinos,Rangers,93,338,13,36,40,0,5.00%,21.00%,0.176,0.265,0.239,0.29,0.415,0.31,92,0,-2.9,13.8,2.4,3142
Josh Reddick,Athletics,109,396,12,53,54,1,7.10%,15.90%,0.182,0.289,0.264,0.316,0.446,0.334,117,0.8,8.3,0.4,2.3,3892
Brian McCann,Yankees,140,538,23,57,75,0,5.90%,14.30%,0.174,0.231,0.232,0.286,0.406,0.306,92,-2.8,-7.5,11.5,2.3,4810
Evan Gattis,Braves,108,401,22,41,52,0,5.50%,24.20%,0.23,0.298,0.263,0.317,0.493,0.352,125,-2.1,9.3,0,2.3,11003
Eduardo Escobar,Twins,133,465,6,52,37,1,5.20%,20.00%,0.132,0.336,0.275,0.315,0.406,0.317,102,0.4,1.6,4.4,2.3,6153
Andrelton Simmons,Braves,146,576,7,44,46,4,5.60%,10.40%,0.087,0.263,0.244,0.286,0.331,0.273,71,0.2,-18.3,22.1,2.3,10847
Brandon Moss,Athletics,147,580,25,70,81,1,11.60%,26.40%,0.204,0.283,0.234,0.334,0.438,0.339,121,-0.2,13.1,-11.1,2.3,4467
Brock Holt,Red Sox,106,492,4,68,29,12,6.70%,19.90%,0.1,0.349,0.281,0.331,0.381,0.317,98,4.5,3.7,1.1,2.3,9345
Nori Aoki,Royals,132,549,1,63,43,17,7.80%,8.90%,0.075,0.314,0.285,0.349,0.36,0.32,104,0.4,2.6,0.2,2.3,13075
Chris Coghlan,Cubs,125,432,9,50,41,7,9.00%,18.80%,0.169,0.337,0.283,0.352,0.452,0.353,123,1.8,13.1,-5.4,2.2,6878
Welington Castillo,Cubs,110,417,13,28,46,0,6.20%,24.50%,0.153,0.288,0.237,0.296,0.389,0.306,91,-3,-7.2,15.3,2.2,3256
Collin Cowgill,Angels,106,293,5,37,21,4,8.90%,25.30%,0.104,0.331,0.25,0.33,0.354,0.311,103,4.3,5.3,4.7,2.1,7250
Alex Avila,Tigers,124,457,11,44,47,0,13.30%,33.00%,0.141,0.322,0.218,0.327,0.359,0.311,97,-9,-10.7,15.3,2.1,7476
Aramis Ramirez,Brewers,133,531,15,47,66,3,4.00%,14.10%,0.142,0.31,0.285,0.33,0.427,0.334,109,-3.3,2.3,1.3,2.1,1002
Emilio Bonifacio,- - -,110,426,3,47,24,26,6.10%,20.00%,0.086,0.324,0.259,0.305,0.345,0.289,81,4.9,-4.3,10.8,2.1,4054
David Freese,Angels,134,511,10,53,55,1,7.40%,24.30%,0.123,0.33,0.26,0.321,0.383,0.314,106,-1.9,1.2,1.2,2.1,9549
Dustin Ackley,Mariners,143,542,14,64,65,8,5.90%,16.60%,0.153,0.273,0.245,0.293,0.398,0.305,97,1.9,0.2,1,2.1,10099
Kurt Suzuki,Twins,131,503,3,37,61,0,6.80%,9.10%,0.095,0.31,0.288,0.345,0.383,0.324,107,-5.8,-1.8,4.2,2,8259
Casey McGehee,Marlins,160,691,4,56,76,4,9.70%,14.80%,0.07,0.335,0.287,0.355,0.357,0.319,102,-3.7,-2.5,0.7,2,6086
Jordy Mercer,Pirates,149,555,12,56,55,4,6.30%,16.00%,0.132,0.285,0.255,0.305,0.387,0.299,91,0.8,-4.7,6.8,2,6547
Ben Revere,Phillies,151,626,2,71,28,49,2.10%,7.80%,0.055,0.33,0.306,0.325,0.361,0.304,92,10,4.3,-4.4,2,4712
Gregor Blanco,Giants,146,444,5,51,38,16,9.20%,17.30%,0.115,0.311,0.26,0.333,0.374,0.317,107,0.1,3.6,1.7,2,3123
Wilson Ramos,Nationals,88,361,11,32,47,0,4.70%,15.80%,0.132,0.29,0.267,0.299,0.399,0.306,93,-0.1,-3,10.6,2,1433
Dioner Navarro,Blue Jays,139,520,12,40,69,3,6.20%,14.60%,0.121,0.301,0.274,0.317,0.395,0.315,98,-3.5,-4.7,6,2,3179
Kolten Wong,Cardinals,113,433,12,52,42,20,4.80%,16.40%,0.139,0.275,0.249,0.292,0.388,0.299,90,5.7,0.9,4.3,2,12532
Charlie Blackmon,Rockies,154,648,19,82,72,28,4.80%,14.80%,0.152,0.315,0.288,0.335,0.44,0.339,100,3.3,3.1,-4.4,2,7859
Matt Adams,Cardinals,142,563,15,55,68,3,4.60%,20.20%,0.169,0.338,0.288,0.321,0.457,0.337,116,-1.3,8.6,-7.5,1.9,9393
David Wright,Mets,134,586,8,54,63,8,7.20%,19.30%,0.105,0.325,0.269,0.324,0.374,0.308,100,-2.4,-2.7,3.1,1.9,3787
Lonnie Chisenhall,Indians,142,533,13,62,59,3,7.30%,18.60%,0.146,0.328,0.28,0.343,0.427,0.34,121,-0.8,11.5,-11.1,1.9,7571
Marlon Byrd,Phillies,154,637,25,71,85,3,5.50%,29.00%,0.181,0.341,0.264,0.312,0.445,0.33,109,-4.8,1.9,-3.2,1.9,950
Matt Joyce,Rays,140,493,9,51,52,2,12.60%,22.50%,0.129,0.316,0.254,0.349,0.383,0.325,113,1.6,8.8,-7.3,1.9,3353
Michael Saunders,Mariners,78,263,8,38,34,4,9.90%,22.40%,0.177,0.327,0.273,0.341,0.45,0.346,126,0.5,7.9,1,1.9,9981
Angel Pagan,Giants,96,413,3,56,27,16,6.10%,12.80%,0.089,0.339,0.3,0.342,0.389,0.324,112,3.9,9.4,-4.4,1.9,2918
Joe Mauer,Twins,120,518,4,60,55,3,11.60%,18.50%,0.095,0.342,0.277,0.361,0.371,0.322,106,5,8.3,-7.9,1.9,1857
David Lough,Orioles,112,197,4,31,16,8,7.60%,16.80%,0.138,0.283,0.247,0.309,0.385,0.309,95,2.7,1.6,9.1,1.9,7215
Kristopher Negron,Reds,49,158,6,19,17,5,7.60%,25.30%,0.208,0.337,0.271,0.331,0.479,0.356,126,2.4,7,5.4,1.9,5306
Mookie Betts,Red Sox,52,213,5,34,18,7,9.90%,14.60%,0.153,0.327,0.291,0.368,0.444,0.361,130,2.6,9.5,0.6,1.9,13611
Jose Ramirez,Indians,68,266,2,27,17,10,4.90%,13.20%,0.084,0.297,0.262,0.3,0.346,0.288,85,2,-2.4,10.7,1.8,13510
Chris Owings,Diamondbacks,91,332,6,34,26,8,4.80%,20.20%,0.145,0.314,0.261,0.3,0.406,0.311,92,1.2,-1.7,8.7,1.8,10030
Jed Lowrie,Athletics,136,566,6,59,50,0,9.00%,14.00%,0.106,0.281,0.249,0.321,0.355,0.3,93,-3.4,-7.5,6,1.8,4418
Khris Davis,Brewers,144,549,22,70,69,4,5.80%,22.20%,0.214,0.275,0.244,0.299,0.457,0.33,107,-1.1,3.3,-2.9,1.8,9112
Tyler Flowers,White Sox,127,442,15,42,50,0,5.70%,36.00%,0.155,0.355,0.241,0.297,0.396,0.308,93,-1.6,-4.9,7.2,1.8,9134
Scooter Gennett,Brewers,137,474,9,55,54,6,4.60%,14.10%,0.145,0.321,0.289,0.32,0.434,0.326,104,-1.4,0.9,1.5,1.8,10339
Brandon Phillips,Reds,121,499,8,44,51,2,4.60%,14.80%,0.106,0.298,0.266,0.306,0.372,0.3,88,-1.5,-8.3,9.9,1.8,791
Matt Kemp,Dodgers,150,599,25,77,89,8,8.70%,24.20%,0.22,0.345,0.287,0.346,0.506,0.369,140,-2,25,-26.5,1.8,5631
Asdrubal Cabrera,- - -,146,616,14,74,61,10,8.00%,17.50%,0.146,0.272,0.241,0.307,0.387,0.308,97,2.7,0.7,-4.1,1.7,4962
Chris Carter,Astros,145,572,37,68,88,5,9.80%,31.80%,0.264,0.267,0.227,0.308,0.491,0.346,123,-1.4,12.9,-15.5,1.7,9911
Michael McKenry,Rockies,57,192,8,23,22,0,11.50%,21.90%,0.196,0.381,0.315,0.398,0.512,0.4,141,-1.8,7,3.1,1.7,9628
Mike Zunino,Mariners,131,476,22,51,60,0,3.60%,33.20%,0.205,0.248,0.199,0.254,0.404,0.29,86,-1.8,-8.9,8.9,1.7,13265
Brett Lawrie,Blue Jays,70,282,12,27,38,0,5.70%,17.40%,0.174,0.26,0.247,0.301,0.421,0.32,101,0.8,1.2,5,1.7,5247
Travis Snider,Pirates,140,359,13,37,38,1,9.50%,18.70%,0.174,0.298,0.264,0.338,0.438,0.343,121,1.5,10,-5.6,1.7,2830
Peter Bourjos,Cardinals,119,294,4,32,24,9,6.80%,26.50%,0.117,0.311,0.231,0.294,0.348,0.287,82,2.3,-3.8,10,1.6,2578
Brandon Guyer,Rays,97,294,3,37,26,6,5.40%,17.70%,0.1,0.322,0.266,0.334,0.367,0.316,107,3.3,5.7,-0.2,1.6,2636
Joe Panik,Giants,73,287,1,31,18,0,5.60%,11.50%,0.063,0.343,0.305,0.343,0.368,0.317,107,2.2,4.6,1.9,1.6,11936
Mark Reynolds,Brewers,130,433,22,47,45,5,10.90%,28.20%,0.198,0.218,0.196,0.287,0.394,0.302,87,1.1,-5,7.1,1.6,7619
Adam LaRoche,Nationals,140,586,26,73,92,3,14.00%,18.40%,0.196,0.277,0.259,0.362,0.455,0.356,127,-5.5,12.5,-15.4,1.6,1904
Travis d'Arnaud,Mets,108,421,13,48,41,1,7.60%,15.20%,0.174,0.259,0.242,0.302,0.416,0.313,103,-0.2,1.2,0.6,1.6,7739
Adam Lind,Blue Jays,96,318,6,38,40,0,8.80%,15.10%,0.159,0.369,0.321,0.381,0.479,0.376,141,0.7,14.9,-11.1,1.6,8027
Cliff Pennington,Diamondbacks,68,201,2,21,10,6,10.00%,17.90%,0.096,0.309,0.254,0.34,0.35,0.314,94,1.9,0.6,7.3,1.5,3395
Michael Cuddyer,Rockies,49,205,10,32,31,3,6.80%,14.60%,0.247,0.351,0.332,0.376,0.579,0.414,151,1.3,12.9,-5.2,1.5,1534
John Jaso,Athletics,99,344,9,42,40,2,8.10%,17.40%,0.166,0.3,0.264,0.337,0.43,0.339,121,-1.1,6.7,-4.1,1.5,5887
Yangervis Solarte,- - -,131,535,10,56,48,0,9.90%,10.80%,0.109,0.275,0.26,0.336,0.369,0.317,102,-2.6,-1.2,-2,1.5,5352
Craig Gentry,Athletics,94,258,0,38,12,20,6.60%,17.10%,0.034,0.314,0.254,0.319,0.289,0.276,77,5.3,-1.3,6.1,1.4,9571
George Springer,Astros,78,345,20,45,51,5,11.30%,33.00%,0.237,0.294,0.231,0.336,0.468,0.352,127,-0.4,9.9,-7.9,1.4,12856
Dexter Fowler,Astros,116,505,8,61,35,11,13.10%,21.40%,0.122,0.351,0.276,0.375,0.399,0.347,124,4,17.3,-20.6,1.4,4062
Brad Miller,Mariners,123,411,10,47,36,4,8.30%,23.10%,0.144,0.268,0.221,0.288,0.365,0.29,86,1.6,-4.5,4.3,1.4,12775
Chris Taylor,Mariners,47,151,0,16,9,5,7.30%,25.80%,0.059,0.398,0.287,0.347,0.346,0.313,103,1.4,1.8,6.3,1.4,13757
Rajai Davis,Tigers,134,494,8,64,51,36,4.50%,15.20%,0.119,0.32,0.282,0.32,0.401,0.319,102,6.8,8,-11,1.4,3708
Alejandro De Aza,- - -,142,528,8,56,41,17,7.40%,22.50%,0.134,0.317,0.252,0.314,0.386,0.31,94,-3.4,-6.6,2.4,1.4,3371
Jarrod Saltalamacchia,Marlins,114,435,11,43,44,0,12.60%,32.90%,0.142,0.317,0.22,0.32,0.362,0.304,91,-1,-5.2,4.6,1.3,5557
Anthony Gose,Blue Jays,94,274,2,31,13,15,9.10%,27.00%,0.067,0.317,0.226,0.311,0.293,0.279,73,2.3,-5.7,9.1,1.3,5097
Wilmer Flores,Mets,78,274,6,28,29,1,4.40%,11.30%,0.127,0.265,0.251,0.286,0.378,0.291,88,0.5,-3.3,7.4,1.3,5827
Bryce Harper,Nationals,100,395,13,41,32,2,9.60%,26.30%,0.151,0.352,0.273,0.344,0.423,0.338,115,-1.2,5.4,-5.1,1.3,11579
Francisco Cervelli,Yankees,49,162,2,18,13,1,6.80%,25.30%,0.13,0.408,0.301,0.37,0.432,0.358,128,-1.1,3.9,2.7,1.3,5275
Stephen Vogt,Athletics,84,287,9,26,35,1,5.60%,13.60%,0.152,0.297,0.279,0.321,0.431,0.329,114,0.8,5.1,-2.6,1.3,5000
Elvis Andrus,Rangers,157,685,2,72,41,27,6.70%,14.00%,0.069,0.305,0.263,0.314,0.333,0.291,79,3.6,-12.6,2.1,1.3,8709
Zack Cozart,Reds,147,543,4,48,38,7,4.60%,14.50%,0.079,0.255,0.221,0.268,0.3,0.254,56,3.2,-23.5,18.7,1.2,2616
Conor Gillaspie,White Sox,130,506,7,50,57,0,7.10%,15.40%,0.134,0.325,0.282,0.336,0.416,0.33,108,-3.4,1.1,-6.3,1.2,9009
Jason Castro,Astros,126,512,14,43,56,1,6.60%,29.50%,0.144,0.294,0.222,0.286,0.366,0.291,84,-1.9,-10.7,5.3,1.2,8722
Eric Young,Mets,100,316,1,48,17,30,7.60%,19.00%,0.082,0.285,0.229,0.299,0.311,0.275,77,4,-4.1,5.7,1.2,7158
Miguel Montero,Diamondbacks,136,560,13,40,72,0,10.00%,17.30%,0.127,0.275,0.243,0.329,0.37,0.307,90,-5,-11.1,5.5,1.2,3364
Ryan Zimmerman,Nationals,61,240,5,26,38,0,9.20%,15.40%,0.168,0.313,0.28,0.342,0.449,0.346,120,-0.6,4.8,-1.1,1.2,4220
Ruben Tejada,Mets,119,419,5,30,34,1,11.90%,17.40%,0.073,0.283,0.237,0.342,0.31,0.292,89,-4.1,-9.5,7.9,1.2,5519
Ryan Hanigan,Rays,84,263,5,18,34,1,11.80%,14.80%,0.107,0.24,0.218,0.318,0.324,0.295,92,-2,-4.2,6.4,1.2,4952
David Peralta,Diamondbacks,88,348,8,40,36,6,4.60%,17.20%,0.164,0.328,0.286,0.32,0.45,0.337,110,-0.5,3.5,-3.2,1.2,2136
Rickie Weeks,Brewers,121,286,8,36,29,3,8.70%,25.50%,0.179,0.355,0.274,0.357,0.452,0.359,127,0.5,9.1,-7,1.2,1849
Ryan Braun,Brewers,135,580,19,68,81,11,7.10%,19.50%,0.187,0.304,0.266,0.324,0.453,0.34,114,-2.6,6.2,-12.8,1.2,3410
Chris Heisey,Reds,119,299,8,34,22,9,5.00%,21.40%,0.156,0.259,0.222,0.265,0.378,0.284,77,-0.6,-8.4,9.9,1.1,3978
Enrique Hernandez,- - -,42,134,3,13,14,0,9.00%,15.70%,0.174,0.278,0.248,0.321,0.421,0.329,110,0.1,1.5,4.2,1.1,10472
Josh Hamilton,Angels,89,381,10,43,44,3,8.40%,28.30%,0.151,0.35,0.263,0.331,0.414,0.325,113,-3.2,2.4,-4.7,1.1,1875
Yasmani Grandal,Padres,128,443,15,47,49,3,13.10%,26.00%,0.175,0.277,0.225,0.327,0.401,0.324,111,-2.5,3,-6.3,1.1,11368
Joey Votto,Reds,62,272,6,32,23,1,17.30%,18.00%,0.155,0.299,0.255,0.39,0.409,0.359,128,-3.1,5.4,-3.7,1.1,4314
Josh Willingham,- - -,92,364,14,48,40,2,14.60%,28.00%,0.182,0.269,0.215,0.346,0.397,0.333,113,1.4,6.5,-8.6,1.1,2103
Darwin Barney,- - -,94,262,3,24,23,1,6.50%,13.00%,0.101,0.267,0.241,0.3,0.342,0.285,78,0.7,-5.9,7.8,1.1,2430
Robbie Grossman,Astros,103,422,6,42,37,9,13.00%,24.90%,0.1,0.311,0.233,0.337,0.333,0.306,95,-1.3,-3.5,-0.9,1,5254
Michael Morse,Giants,131,482,16,48,61,0,6.40%,25.10%,0.196,0.348,0.279,0.336,0.475,0.355,133,-5.2,12.8,-18,1,3035
Logan Morrison,Mariners,99,365,11,41,38,5,6.60%,16.20%,0.158,0.287,0.262,0.315,0.42,0.324,110,-2.6,1.6,-4.5,1,9205
Austin Jackson,- - -,154,656,4,71,47,20,7.20%,22.00%,0.09,0.325,0.256,0.308,0.347,0.292,85,4.6,-6.1,-6.3,1,9848
Jason Kipnis,Indians,129,555,6,61,41,22,9.00%,18.00%,0.09,0.288,0.24,0.31,0.33,0.289,86,6.2,-2.6,-6.6,1,9776
Curtis Granderson,Mets,155,654,20,73,66,8,12.10%,21.60%,0.161,0.265,0.227,0.326,0.388,0.32,108,0.9,6.5,-17.2,1,4747
Oswaldo Arcia,Twins,103,410,20,46,57,1,7.60%,31.00%,0.22,0.292,0.231,0.3,0.452,0.328,109,0.3,4.5,-9.1,0.9,10306
Chris Stewart,Pirates,49,154,0,9,10,0,7.80%,17.50%,0.037,0.364,0.294,0.362,0.331,0.311,100,-0.7,-0.8,4.9,0.9,3878
Kirk Nieuwenhuis,Mets,61,130,3,16,16,4,12.30%,30.00%,0.223,0.361,0.259,0.346,0.482,0.352,130,-0.1,4.2,0.5,0.9,6400
Adam Rosales,Rangers,56,181,4,20,19,4,7.20%,23.20%,0.116,0.331,0.262,0.328,0.378,0.318,97,0.4,-0.1,2.8,0.9,9682
Abraham Almonte,- - -,59,220,3,19,15,4,5.50%,27.30%,0.103,0.31,0.23,0.275,0.333,0.272,75,-1.4,-7.5,9.2,0.9,5486
Coco Crisp,Athletics,126,536,9,68,47,19,12.30%,12.30%,0.117,0.266,0.246,0.336,0.363,0.314,103,2.8,4.6,-13.5,0.9,1572
Delmon Young,Orioles,83,255,7,27,30,2,3.90%,20.00%,0.14,0.359,0.302,0.337,0.442,0.345,120,0.3,5.9,-5.6,0.9,2140
James Loney,Rays,155,651,9,59,69,4,6.30%,12.30%,0.09,0.319,0.29,0.336,0.38,0.318,109,-5.5,0.7,-13.4,0.9,4556
Matt Wieters,Orioles,26,112,5,13,18,0,5.40%,17.00%,0.192,0.329,0.308,0.339,0.5,0.365,134,-0.5,3.6,1,0.9,4298
Alexi Amarista,Padres,148,466,5,39,40,12,6.20%,14.80%,0.076,0.271,0.239,0.286,0.314,0.265,71,2.3,-13.2,7.4,0.9,9063
Mike Moustakas,Royals,140,500,15,45,54,1,7.00%,14.80%,0.149,0.22,0.212,0.271,0.361,0.281,76,0.2,-12.8,4.6,0.9,4892
Will Venable,Padres,146,448,8,47,33,11,7.40%,23.90%,0.101,0.283,0.224,0.288,0.325,0.275,77,1.9,-9.5,4,0.9,211
DJ LeMahieu,Rockies,149,538,5,59,42,10,6.10%,18.00%,0.081,0.322,0.267,0.315,0.348,0.292,67,-0.5,-20.4,12.1,0.8,9874
Mark Teixeira,Yankees,123,508,22,56,62,1,11.40%,21.50%,0.182,0.233,0.216,0.313,0.398,0.316,100,-5.1,-5.4,-3.6,0.8,1281
Marwin Gonzalez,Astros,103,310,6,33,23,2,5.50%,18.70%,0.123,0.33,0.277,0.327,0.4,0.324,108,-0.1,2.5,-5.3,0.8,5497
Anthony Recker,Mets,58,189,7,18,27,1,5.30%,33.90%,0.172,0.267,0.201,0.246,0.374,0.273,75,0,-5.2,6.7,0.8,4063
Jake Marisnick,- - -,65,237,3,21,19,11,3.40%,28.30%,0.077,0.338,0.249,0.281,0.326,0.265,67,1,-7.9,7.4,0.8,11339
Yonder Alonso,Padres,84,288,7,27,27,6,5.90%,12.50%,0.157,0.251,0.24,0.285,0.397,0.299,93,2,-0.1,-1.4,0.8,2530
Caleb Joseph,Orioles,82,275,9,22,28,0,6.20%,25.10%,0.146,0.246,0.207,0.264,0.354,0.275,72,-3.6,-12.2,10.3,0.8,7087
Martin Maldonado,Brewers,52,126,4,14,16,0,8.70%,25.40%,0.153,0.293,0.234,0.32,0.387,0.316,97,-0.2,-0.6,3.8,0.8,6887
Brandon Belt,Giants,61,235,12,30,27,3,7.70%,27.20%,0.206,0.288,0.243,0.306,0.449,0.33,116,-2.4,1.8,-1.9,0.7,10264
Eugenio Suarez,Tigers,85,277,4,33,23,3,7.90%,24.20%,0.094,0.316,0.242,0.316,0.336,0.295,85,-0.8,-5.3,3.2,0.7,12552
Matt den Dekker,Mets,53,174,0,23,7,7,12.10%,19.50%,0.072,0.322,0.25,0.345,0.322,0.307,98,2,1.7,-0.1,0.7,11385
Juan Francisco,Blue Jays,106,320,16,40,43,0,8.40%,36.30%,0.237,0.297,0.22,0.291,0.456,0.327,106,-0.3,1.9,-5.7,0.7,6978
Christian Vazquez,Red Sox,55,201,1,15,20,0,9.50%,16.40%,0.069,0.283,0.24,0.308,0.309,0.277,71,-1.4,-7.8,7.8,0.7,9774
Carlos Corporan,Astros,55,190,6,22,19,0,7.40%,19.50%,0.141,0.264,0.235,0.302,0.376,0.303,93,-1.3,-2.7,2.8,0.7,5587
Wilin Rosario,Rockies,106,410,13,46,54,1,5.60%,17.10%,0.168,0.293,0.267,0.305,0.435,0.319,86,-1.7,-8.2,2,0.7,8002
Andre Ethier,Dodgers,130,380,4,29,42,2,8.20%,19.50%,0.12,0.307,0.249,0.322,0.37,0.307,98,-2.1,-3,-2.3,0.7,6265
Ryan Rua,Rangers,28,109,2,11,14,1,1.80%,16.50%,0.124,0.341,0.295,0.321,0.419,0.327,104,0.6,1.1,1.2,0.6,12409
Jonathan Schoop,Orioles,137,481,16,48,45,2,2.70%,25.40%,0.145,0.249,0.209,0.244,0.354,0.265,65,1.7,-17,7.2,0.6,11265
Randal Grichuk,Cardinals,47,116,3,11,8,0,4.30%,26.70%,0.155,0.316,0.245,0.278,0.4,0.299,90,-0.8,-2.1,4.5,0.6,10243
Colby Rasmus,Blue Jays,104,376,18,45,40,4,7.70%,33.00%,0.223,0.294,0.225,0.287,0.448,0.321,103,1.1,2.2,-8.8,0.6,9893
Kevin Pillar,Blue Jays,53,122,2,19,7,1,3.30%,23.00%,0.129,0.333,0.267,0.295,0.397,0.304,91,0.5,-0.8,2.2,0.6,12434
Tommy Medica,Padres,102,259,9,31,27,6,5.40%,29.00%,0.175,0.299,0.233,0.286,0.408,0.307,99,1.2,0.9,-3.4,0.6,11147
Adeiny Hechavarria,Marlins,146,574,1,53,34,7,4.50%,15.00%,0.08,0.323,0.276,0.308,0.356,0.29,82,2.1,-9.7,-2.2,0.6,10459
Marcus Semien,White Sox,64,255,6,30,28,3,8.20%,27.50%,0.139,0.31,0.234,0.3,0.372,0.301,88,1.4,-1.9,-1.2,0.6,12533
Jose Lobaton,Nationals,66,230,2,18,12,0,6.50%,26.50%,0.07,0.318,0.234,0.287,0.304,0.266,66,-0.7,-9.5,7.8,0.6,4243
Danny Espinosa,Nationals,114,364,8,31,27,8,4.90%,33.50%,0.132,0.319,0.219,0.283,0.351,0.28,75,0.3,-10,4.2,0.6,9219
Ryan Flaherty,Orioles,102,312,7,33,32,1,7.10%,21.80%,0.135,0.266,0.221,0.288,0.356,0.287,79,1.3,-5.8,0.7,0.6,7888
Rougned Odor,Rangers,114,417,9,39,48,4,4.10%,17.00%,0.142,0.294,0.259,0.297,0.402,0.306,90,0,-4.8,-3.7,0.5,12282
Travis Ishikawa,- - -,62,119,3,9,18,0,7.60%,28.60%,0.14,0.333,0.252,0.311,0.393,0.308,100,0.5,0.5,0.9,0.5,4793
Omar Infante,Royals,135,575,6,50,66,9,5.70%,11.80%,0.085,0.275,0.252,0.295,0.337,0.28,76,1.9,-13.4,-0.4,0.5,1609
Kelly Johnson,- - -,106,297,7,29,27,2,9.80%,23.90%,0.147,0.266,0.215,0.296,0.362,0.296,85,0.7,-4.1,-0.8,0.5,2234
Eric Campbell,Mets,85,211,3,16,16,3,8.10%,26.10%,0.095,0.348,0.263,0.322,0.358,0.305,97,-0.5,-1.2,-0.5,0.5,6938
Miguel Rojas,Dodgers,85,162,1,16,9,0,6.20%,17.30%,0.04,0.217,0.181,0.242,0.221,0.213,34,1.6,-10.5,10.3,0.5,7802
Chris Johnson,Braves,153,611,10,43,58,6,3.80%,26.00%,0.098,0.345,0.263,0.292,0.361,0.289,82,0,-12.3,-1.4,0.5,1191
Danny Valencia,- - -,86,284,4,20,30,1,4.90%,21.80%,0.114,0.317,0.258,0.296,0.371,0.295,85,-3.1,-7.8,3.1,0.5,6364
Cameron Maybin,Padres,95,272,1,24,15,4,7.00%,20.60%,0.096,0.297,0.235,0.29,0.331,0.275,77,1,-5.8,2.2,0.5,5223
Ramon Santiago,Reds,75,214,2,20,17,2,11.20%,17.80%,0.078,0.3,0.246,0.343,0.324,0.307,93,-2,-3.8,1.8,0.5,1417
Chris Davis,Orioles,127,525,26,65,72,2,11.40%,33.00%,0.209,0.242,0.196,0.3,0.404,0.308,94,-2.6,-5.8,-6.8,0.5,9272
Xander Bogaerts,Red Sox,144,594,12,60,46,2,6.60%,23.20%,0.123,0.296,0.24,0.297,0.362,0.294,82,1.2,-10.3,-4.8,0.4,12161
Gregorio Petit,Astros,37,100,2,14,9,0,1.00%,25.00%,0.144,0.357,0.278,0.3,0.423,0.318,104,0,0.4,0.3,0.4,3812
Justin Ruggiano,Cubs,81,250,6,29,28,2,7.20%,28.00%,0.147,0.375,0.281,0.337,0.429,0.337,113,-1.2,2.4,-5.9,0.4,7620
Munenori Kawasaki,Blue Jays,82,274,0,31,17,1,8.00%,17.90%,0.038,0.323,0.258,0.327,0.296,0.286,78,0.7,-5.9,0.8,0.4,13047
Erik Kratz,- - -,47,115,5,12,13,0,3.50%,19.10%,0.173,0.226,0.218,0.243,0.391,0.274,71,-0.1,-3.8,3.8,0.4,4403
Hank Conger,Angels,80,260,4,24,25,0,8.50%,21.90%,0.104,0.275,0.221,0.293,0.325,0.28,82,-1.5,-6.7,2,0.4,2505
Darin Ruf,Phillies,52,117,3,13,8,0,6.80%,27.40%,0.167,0.304,0.235,0.31,0.402,0.316,100,-0.2,-0.2,0.5,0.4,9929
Chris Denorfia,- - -,121,358,3,36,21,9,7.00%,19.60%,0.088,0.283,0.23,0.284,0.318,0.271,74,0.7,-9.6,2.4,0.4,4400
B.J. Upton,Braves,141,582,12,67,35,20,9.80%,29.70%,0.125,0.286,0.208,0.287,0.333,0.277,74,3.3,-13.8,0.1,0.4,5015
Cody Asche,Phillies,121,434,10,43,46,0,7.60%,23.50%,0.139,0.315,0.252,0.309,0.39,0.308,94,-1.7,-4.4,-4.9,0.4,11997
Chris Young,- - -,111,366,11,40,38,8,8.70%,19.10%,0.163,0.247,0.222,0.299,0.385,0.303,95,2,-0.2,-7.4,0.4,3882
Brandon Hicks,Giants,71,242,8,27,22,0,13.20%,31.80%,0.157,0.208,0.162,0.28,0.319,0.271,76,1.6,-5.1,1.4,0.4,4003
Michael Bourn,Indians,106,487,3,57,28,10,7.20%,23.40%,0.104,0.337,0.257,0.314,0.36,0.3,94,-1.1,-4.5,-7.8,0.4,6387
Efren Navarro,Angels,64,174,1,17,14,1,7.50%,15.50%,0.094,0.29,0.245,0.302,0.34,0.284,85,0.1,-2.8,0.6,0.4,9854
Ichiro Suzuki,Yankees,143,385,1,42,22,15,5.50%,17.70%,0.056,0.346,0.284,0.324,0.34,0.296,86,2.5,-3.6,-5.5,0.4,1101
Donovan Solano,Marlins,111,340,3,26,28,1,5.60%,17.90%,0.071,0.304,0.252,0.3,0.323,0.281,75,-1.5,-10.9,4.1,0.4,8623
Kennys Vargas,Twins,53,234,9,26,38,0,5.10%,26.90%,0.181,0.34,0.274,0.316,0.456,0.334,114,-0.5,3.1,-7.3,0.4,12101
Jordan Schafer,- - -,104,240,1,26,15,30,9.20%,20.00%,0.067,0.304,0.238,0.31,0.305,0.279,76,3.6,-2.9,-1.4,0.4,9883
David DeJesus,Rays,83,273,6,24,19,0,11.00%,15.80%,0.155,0.28,0.248,0.344,0.403,0.335,120,-1.8,4.1,-9.8,0.3,1825
Torii Hunter,Tigers,142,586,17,71,83,4,3.90%,15.20%,0.16,0.311,0.286,0.319,0.446,0.335,113,0.3,8.9,-24.7,0.3,731
Ike Davis,- - -,143,427,11,43,51,0,14.80%,18.30%,0.144,0.265,0.233,0.344,0.378,0.324,108,-3,1,-10.6,0.3,8433
Clint Barmes,Pirates,48,116,0,15,7,1,7.80%,15.50%,0.049,0.294,0.245,0.328,0.294,0.28,79,-0.4,-3.2,2.8,0.3,1830
Nick Hundley,- - -,83,233,6,18,22,1,4.30%,27.00%,0.115,0.309,0.243,0.273,0.358,0.279,75,-1.4,-7.8,3.2,0.3,3376
Derek Dietrich,Marlins,49,183,5,31,17,1,7.10%,20.80%,0.158,0.27,0.228,0.326,0.386,0.322,104,1.2,1.9,-4.6,0.3,10542
Didi Gregorius,Diamondbacks,80,299,6,35,27,3,7.40%,17.40%,0.137,0.257,0.226,0.29,0.363,0.287,76,3.4,-4.6,-1.4,0.3,6012
Eric Sogard,Athletics,117,329,1,38,22,11,9.40%,11.20%,0.045,0.251,0.223,0.298,0.268,0.262,67,2.3,-9.7,1.8,0.3,7927
Jean Segura,Brewers,146,557,5,61,31,20,5.00%,12.60%,0.08,0.275,0.246,0.289,0.326,0.272,67,4.4,-16.3,2.4,0.3,5933
Tyler Moore,Nationals,42,100,4,8,14,0,7.00%,29.00%,0.154,0.293,0.231,0.3,0.385,0.307,94,0.4,-0.3,-0.3,0.3,7244
Jim Adduci,Rangers,44,114,1,13,8,3,8.80%,23.70%,0.059,0.213,0.168,0.239,0.228,0.217,27,1.7,-7.5,6.1,0.3,6448
Elian Herrera,Brewers,69,140,0,14,5,4,2.10%,25.70%,0.067,0.37,0.274,0.288,0.341,0.274,69,1.3,-3.6,1.7,0.2,5432
David Ross,Red Sox,50,171,7,16,15,0,9.40%,33.90%,0.184,0.239,0.184,0.26,0.368,0.278,72,-0.2,-5.5,2.2,0.2,1551
John Mayberry,- - -,78,168,7,15,23,0,11.90%,20.80%,0.212,0.229,0.212,0.31,0.425,0.326,107,-0.2,1.1,-4.1,0.2,3390
Phil Gosselin,Braves,46,136,1,17,3,2,3.70%,19.90%,0.055,0.33,0.266,0.304,0.32,0.282,77,0,-3.5,1.5,0.2,10953
Yunel Escobar,Rays,137,529,7,33,39,1,8.10%,11.30%,0.082,0.282,0.258,0.324,0.34,0.299,95,-1.1,-4.1,-11,0.2,4191
Shin-Soo Choo,Rangers,123,529,13,58,40,3,11.00%,24.80%,0.132,0.308,0.242,0.34,0.374,0.321,100,1.6,1.6,-16.7,0.2,3174
Ramiro Pena,Braves,81,165,3,9,9,1,7.90%,23.00%,0.102,0.308,0.245,0.304,0.347,0.285,80,0.2,-3.6,0.7,0.2,8841
Steve Tolleson,Blue Jays,109,189,3,21,16,3,6.30%,25.90%,0.118,0.336,0.253,0.308,0.371,0.303,90,-1.9,-4.1,-0.1,0.2,4450
Gregory Polanco,Pirates,89,312,7,50,33,14,9.60%,18.90%,0.108,0.272,0.235,0.307,0.343,0.293,87,3.6,-1,-6.4,0.2,12907
Daniel Robertson,Rangers,70,197,0,23,21,6,8.60%,14.20%,0.062,0.32,0.271,0.333,0.333,0.301,86,-1.1,-4.1,-0.4,0.2,6266
Garrett Jones,Marlins,146,547,15,59,53,0,8.40%,21.20%,0.165,0.29,0.246,0.309,0.411,0.316,99,-1.9,-2.4,-12,0.2,2714
Arismendy Alcantara,Cubs,70,300,10,31,29,8,5.70%,31.00%,0.162,0.266,0.205,0.254,0.367,0.275,70,1.2,-8.9,1.8,0.2,10711
Eric Hosmer,Royals,131,547,9,54,58,4,6.40%,17.00%,0.127,0.312,0.27,0.318,0.398,0.314,99,-5.6,-5.9,-10.1,0.2,3516
Ehire Adrianza,Giants,53,106,0,10,5,1,4.70%,20.80%,0.062,0.303,0.237,0.279,0.299,0.256,65,-0.1,-4.3,2.8,0.2,8418
Brian Roberts,Yankees,91,348,5,40,21,7,8.00%,15.20%,0.123,0.269,0.237,0.3,0.36,0.294,84,0.6,-5.7,-4,0.2,166
Alex Rios,Rangers,131,521,4,54,54,17,4.40%,17.90%,0.118,0.335,0.28,0.311,0.398,0.309,92,0.5,-4.4,-10.9,0.2,2090
Wil Nieves,Phillies,36,128,1,9,7,1,0.80%,26.60%,0.09,0.341,0.254,0.27,0.344,0.271,69,-1.7,-6.1,3.8,0.2,1556
Drew Butera,Dodgers,61,192,3,16,14,0,8.90%,21.40%,0.1,0.227,0.188,0.267,0.288,0.252,60,-0.8,-9.5,5.3,0.2,3411
Nick Punto,Athletics,73,224,2,21,14,3,11.20%,25.00%,0.086,0.279,0.207,0.296,0.293,0.271,73,-1.2,-7.8,2,0.2,1429
Ed Lucas,Marlins,69,189,1,19,9,1,4.20%,25.40%,0.045,0.338,0.251,0.283,0.296,0.261,62,0.3,-7.8,3.6,0.1,7532
Wil Myers,Rays,87,361,6,37,35,6,9.40%,24.90%,0.098,0.286,0.222,0.294,0.32,0.275,78,1.2,-7.3,-3,0.1,10047
Tuffy Gosewisch,Diamondbacks,41,132,1,6,7,0,2.30%,18.20%,0.085,0.269,0.225,0.242,0.31,0.245,47,0.4,-7.4,4.8,0.1,5277
Jeff Mathis,Marlins,64,195,2,12,12,0,7.70%,32.80%,0.074,0.303,0.2,0.263,0.274,0.241,48,-0.5,-11.8,7.2,0.1,3448
Chris Valaika,Cubs,44,131,3,10,13,1,5.30%,26.70%,0.107,0.298,0.231,0.282,0.339,0.276,71,0.4,-4,1.2,0.1,1165
Josmil Pinto,Twins,57,197,7,25,18,0,12.20%,25.40%,0.172,0.261,0.219,0.315,0.391,0.315,101,-1.1,-1,-4.4,0.1,6806
Willie Bloomquist,Mariners,47,139,1,15,14,1,2.90%,23.00%,0.068,0.356,0.278,0.297,0.346,0.282,81,-0.1,-3,-0.8,0.1,1066
Jordany Valdespin,Marlins,52,113,3,8,10,1,8.00%,14.20%,0.133,0.228,0.214,0.28,0.347,0.282,76,1.3,-1.7,-1,0.1,5098
Brandon Barnes,Rockies,132,313,8,37,27,5,4.80%,31.90%,0.168,0.364,0.257,0.293,0.425,0.315,83,-0.3,-6.2,-2.5,0.1,629
Gerardo Parra,- - -,150,574,9,64,40,9,5.60%,17.40%,0.108,0.306,0.261,0.308,0.369,0.298,84,-1,-11,-5.4,0.1,8553
Aaron Hicks,Twins,69,225,1,22,18,4,16.00%,24.90%,0.059,0.3,0.215,0.341,0.274,0.291,84,0.8,-3.3,-3.6,0,5297
Shane Victorino,Red Sox,30,133,2,14,12,2,4.50%,15.80%,0.114,0.304,0.268,0.303,0.382,0.302,88,0,-1.8,-2.1,0,1677
Ryan Sweeney,Cubs,77,226,3,22,20,0,6.60%,14.60%,0.087,0.285,0.251,0.304,0.338,0.285,77,0.1,-5.7,-0.6,0,6352
Luis Sardinas,Rangers,43,125,0,12,8,5,4.00%,16.80%,0.052,0.319,0.261,0.303,0.313,0.279,70,1.7,-2.4,-1.2,0,13153
Josh Thole,Blue Jays,57,150,0,11,7,0,9.30%,16.70%,0.03,0.306,0.248,0.32,0.278,0.276,71,-2,-6.7,2.2,0,9689
Andrew Romine,Tigers,94,273,2,30,12,12,6.60%,22.00%,0.048,0.291,0.227,0.279,0.275,0.253,56,3.4,-9.8,1.2,0,1159
Jedd Gyorko,Padres,111,443,10,37,51,3,8.10%,22.60%,0.123,0.253,0.21,0.28,0.333,0.275,78,-1.6,-12.8,-0.2,0,10816
Adam Dunn,- - -,131,511,22,49,64,1,13.90%,31.10%,0.196,0.286,0.219,0.337,0.415,0.334,112,-5.8,0.7,-17.1,0,319
Jacob Lamb,Diamondbacks,37,133,4,15,11,1,4.50%,27.80%,0.143,0.291,0.23,0.263,0.373,0.28,72,0.4,-3.8,-0.1,0,13329
Tyler Colvin,Giants,57,149,2,16,18,1,5.40%,30.20%,0.158,0.312,0.223,0.268,0.381,0.285,85,0,-2.4,-2,0,5310
Eduardo Nunez,Twins,72,213,4,26,24,9,2.30%,14.60%,0.132,0.278,0.25,0.271,0.382,0.287,81,0.7,-3.7,-3.3,0,6848
Jonathan Herrera,Red Sox,42,104,0,10,9,1,6.70%,23.10%,0.056,0.313,0.233,0.307,0.289,0.273,68,-0.5,-4.2,0.7,0,4182
Jordan Danks,White Sox,51,132,2,14,10,5,10.60%,34.80%,0.068,0.343,0.222,0.303,0.291,0.27,67,0.1,-4.7,0.3,0,9187
Jake Goebbert,Padres,51,115,1,12,10,2,10.40%,27.80%,0.099,0.309,0.218,0.313,0.317,0.278,79,0.7,-2,-1.7,0,9431
C.J. Cron,Angels,79,253,11,28,37,0,4.00%,24.10%,0.194,0.3,0.256,0.289,0.45,0.324,113,-1.7,1.8,-10.3,0,12546
Chris Gimenez,- - -,42,128,0,13,11,0,9.40%,22.70%,0.086,0.322,0.241,0.313,0.328,0.287,77,0.5,-2.8,-1.7,0,7324
Chris Dickerson,Indians,41,112,2,12,6,3,10.70%,33.90%,0.102,0.345,0.224,0.309,0.327,0.29,87,0.5,-1.1,-3.1,-0.1,7095
Jackie Bradley Jr.,Red Sox,127,423,1,45,30,8,7.30%,28.60%,0.068,0.284,0.198,0.265,0.266,0.243,47,-4.7,-29.4,15.1,-0.1,12984
Zach Walters,- - -,62,137,10,16,17,0,6.60%,35.00%,0.26,0.188,0.181,0.241,0.441,0.3,92,-0.1,-1.3,-3.7,-0.1,10622
Tommy La Stella,Braves,93,360,1,22,31,2,10.00%,11.10%,0.066,0.283,0.251,0.328,0.317,0.292,84,-4.2,-10.5,-0.9,-0.1,12371
Chris Parmelee,Twins,87,270,7,27,28,0,6.30%,23.70%,0.128,0.317,0.256,0.307,0.384,0.308,96,-2.4,-3.7,-5.9,-0.1,2554
Daniel Descalso,Cardinals,104,184,0,20,10,1,10.90%,17.90%,0.068,0.305,0.242,0.333,0.311,0.297,88,-0.9,-3.2,-3.3,-0.1,8392
Logan Schafer,Brewers,65,136,0,13,8,2,11.00%,19.90%,0.095,0.233,0.181,0.278,0.276,0.246,49,0,-7.7,2.5,-0.1,7937
Gerald Laird,Braves,53,167,0,12,10,0,8.40%,19.80%,0.053,0.261,0.204,0.275,0.257,0.241,49,0.2,-9.3,3.1,-0.1,1698
Gaby Sanchez,Pirates,123,290,7,31,33,2,7.90%,20.00%,0.156,0.265,0.229,0.293,0.385,0.301,93,-1.4,-3.8,-6.1,-0.1,3361
Endy Chavez,Mariners,80,258,2,22,23,5,5.80%,11.60%,0.095,0.307,0.276,0.317,0.371,0.305,97,-2.4,-3.1,-6.5,-0.1,768
Alex Presley,Astros,89,271,6,22,19,5,4.80%,16.20%,0.102,0.272,0.244,0.281,0.346,0.28,77,-0.1,-7,-3.1,-0.1,5305
Gordon Beckham,- - -,127,483,9,53,44,3,4.60%,16.80%,0.121,0.255,0.226,0.271,0.348,0.273,70,0.8,-15.2,-1.8,-0.2,9015
Christian Bethancourt,Braves,31,117,0,7,9,1,2.60%,22.20%,0.027,0.322,0.248,0.274,0.274,0.247,54,-0.6,-6.7,1.8,-0.2,10028
Sean Rodriguez,Rays,96,259,12,30,41,2,3.90%,25.50%,0.232,0.235,0.211,0.258,0.443,0.305,99,-0.6,-0.8,-9.2,-0.2,6589
Lyle Overbay,Brewers,121,296,4,24,35,2,12.20%,20.30%,0.101,0.287,0.233,0.328,0.333,0.3,86,1.6,-3,-7.4,-0.2,1617
Joaquin Arias,Giants,107,204,0,18,15,1,3.90%,11.30%,0.047,0.285,0.254,0.281,0.301,0.255,65,-0.4,-8.4,0.5,-0.2,3817
Jeff Baker,Marlins,90,225,3,27,28,1,5.80%,22.70%,0.13,0.331,0.264,0.307,0.394,0.306,93,0.1,-1.8,-6.8,-0.2,2073
Everth Cabrera,Padres,90,391,3,36,20,18,5.10%,22.00%,0.067,0.294,0.232,0.272,0.3,0.257,65,2.6,-12.9,-0.6,-0.2,8155
Bryan Holaday,Tigers,62,171,0,14,15,1,4.70%,21.60%,0.045,0.293,0.231,0.266,0.276,0.243,49,-1.4,-11,3.5,-0.2,11287
Pedro Alvarez,Pirates,122,445,18,46,56,8,10.10%,25.40%,0.173,0.277,0.231,0.312,0.405,0.316,103,-3.1,-1.8,-13.4,-0.2,2495
Grant Green,Angels,43,103,1,7,11,1,1.90%,19.40%,0.081,0.325,0.273,0.282,0.354,0.278,81,-1.7,-3.9,-1.5,-0.2,10053
Logan Forsythe,Rays,110,336,6,32,26,2,7.40%,21.10%,0.106,0.268,0.223,0.287,0.329,0.278,80,-0.6,-7.9,-5.2,-0.2,7185
Jonathan Villar,Astros,87,289,7,31,27,17,6.60%,27.70%,0.144,0.271,0.209,0.267,0.354,0.275,74,1.9,-6.5,-5.2,-0.3,10071
Carlos Sanchez,White Sox,28,104,0,6,5,1,2.90%,24.00%,0.05,0.329,0.25,0.269,0.3,0.253,54,-1.1,-6.3,0.6,-0.3,11602
Derek Jeter,Yankees,145,634,4,47,50,10,5.50%,13.70%,0.057,0.294,0.256,0.304,0.313,0.279,73,-0.1,-18.8,-4,-0.3,826
Jonny Gomes,- - -,112,321,6,28,37,0,10.90%,27.40%,0.095,0.312,0.234,0.327,0.33,0.297,86,0.6,-4.3,-8.5,-0.3,1845
Billy Butler,Royals,151,603,9,57,66,0,6.80%,15.90%,0.107,0.31,0.271,0.323,0.379,0.311,97,-5.7,-7.5,-14.5,-0.3,7399
Prince Fielder,Rangers,42,178,3,19,16,0,14.00%,13.50%,0.113,0.274,0.247,0.36,0.36,0.305,89,-2.7,-5,-3.4,-0.3,4613
Justin Smoak,Mariners,80,276,7,28,30,0,8.70%,23.90%,0.137,0.243,0.202,0.275,0.339,0.277,77,0.1,-6.8,-4.7,-0.3,9054
Mike Aviles,Indians,113,374,5,38,39,14,3.50%,13.10%,0.096,0.271,0.247,0.273,0.343,0.272,74,2.3,-8.5,-6.2,-0.3,5986
Freddy Galvis,Phillies,43,128,4,14,12,1,6.30%,23.40%,0.143,0.198,0.176,0.227,0.319,0.243,50,1,-6.1,-0.5,-0.3,6609
Bobby Abreu,Mets,78,155,1,12,14,1,12.90%,13.50%,0.09,0.283,0.248,0.342,0.338,0.309,100,-0.7,-0.6,-6.8,-0.3,945
Carlos Gonzalez,Rockies,70,281,11,35,38,3,6.80%,24.90%,0.192,0.283,0.238,0.292,0.431,0.315,83,0.4,-4.8,-6.4,-0.3,7287
Moises Sierra,- - -,96,170,2,22,9,3,4.70%,25.30%,0.112,0.299,0.23,0.265,0.342,0.268,65,-0.2,-6.7,-1.8,-0.3,6050
Ryan Howard,Phillies,153,648,23,65,95,0,10.30%,29.30%,0.156,0.288,0.223,0.31,0.38,0.306,93,-2.7,-7.7,-14.5,-0.3,2154
Don Kelly,Tigers,95,185,0,24,7,6,10.80%,15.70%,0.043,0.299,0.245,0.332,0.288,0.285,78,-0.1,-4.5,-4.7,-0.4,2216
Kevin Frandsen,Nationals,105,236,1,17,17,0,2.50%,11.00%,0.05,0.289,0.259,0.299,0.309,0.275,72,-0.3,-7.7,-2.5,-0.4,7528
A.J. Ellis,Dodgers,93,347,3,21,25,0,15.30%,16.40%,0.064,0.225,0.191,0.323,0.254,0.27,72,-6.2,-17.1,3.5,-0.4,5677
Avisail Garcia,White Sox,46,190,7,19,29,4,7.40%,23.20%,0.169,0.285,0.244,0.305,0.413,0.316,98,-0.9,-1.3,-8.3,-0.4,5760
J.B. Shuck,- - -,38,114,2,12,9,2,2.60%,10.50%,0.064,0.146,0.145,0.168,0.209,0.165,2,0.9,-11.4,4.2,-0.4,6677
Hector Sanchez,Giants,66,177,3,8,28,0,4.50%,31.10%,0.104,0.266,0.196,0.237,0.301,0.237,52,0.2,-9.3,0.5,-0.4,10289
Adrian Nieto,White Sox,48,118,2,8,7,0,6.80%,32.20%,0.104,0.348,0.236,0.296,0.34,0.287,78,-1.8,-4.6,-2.8,-0.4,10294
A.J. Pierzynski,- - -,102,362,5,25,37,0,3.90%,14.90%,0.086,0.283,0.251,0.288,0.337,0.277,72,-2.9,-14.3,-0.9,-0.4,746
Juan Perez,Giants,61,109,1,13,3,0,4.60%,22.90%,0.1,0.216,0.17,0.224,0.27,0.225,44,0.5,-6.4,-0.7,-0.4,5371
Mark Ellis,Cardinals,73,202,0,15,12,4,6.90%,18.80%,0.034,0.225,0.18,0.253,0.213,0.212,31,1.2,-14.5,4.5,-0.4,1443
Jose Tabata,Pirates,80,186,0,14,17,1,3.80%,14.00%,0.052,0.327,0.282,0.314,0.333,0.289,84,-0.9,-4.2,-5.3,-0.4,2411
Donnie Murphy,Rangers,45,128,4,11,14,0,8.60%,29.70%,0.134,0.247,0.196,0.268,0.33,0.268,63,-0.5,-5.7,-2.5,-0.4,4704
Rymer Liriano,Padres,38,121,1,13,6,4,7.40%,32.20%,0.046,0.329,0.22,0.289,0.266,0.253,62,1.4,-3.7,-4,-0.5,4779
David Murphy,Indians,129,462,8,40,58,2,7.80%,13.20%,0.123,0.285,0.262,0.319,0.385,0.311,101,-3,-2.7,-16.6,-0.5,6035
Mitch Moreland,Rangers,52,184,2,18,23,0,6.50%,23.40%,0.102,0.315,0.246,0.297,0.347,0.287,76,-0.9,-5.7,-4.5,-0.5,3086
Carlos Beltran,Yankees,109,449,15,46,49,3,8.20%,17.80%,0.169,0.252,0.233,0.301,0.402,0.31,95,-3,-5.6,-13.4,-0.5,589
Mike Carp,- - -,59,149,0,11,13,0,10.70%,20.80%,0.056,0.227,0.175,0.289,0.23,0.248,50,-0.9,-9.1,-0.6,-0.5,7480
Jesus Guzman,Astros,69,184,2,10,9,3,10.30%,28.30%,0.061,0.261,0.188,0.272,0.248,0.243,52,0,-9.8,-1,-0.5,3118
Tony Cruz,Cardinals,50,150,1,11,17,0,8.70%,18.70%,0.059,0.245,0.2,0.27,0.259,0.242,51,-1.6,-9.9,0.5,-0.5,2802
Nick Castellanos,Tigers,148,579,11,50,66,2,6.20%,24.20%,0.135,0.326,0.259,0.306,0.394,0.307,94,-3.3,-7.4,-16.3,-0.5,11737
Cesar Hernandez,Phillies,66,125,1,13,4,1,7.20%,26.40%,0.044,0.321,0.237,0.29,0.281,0.257,60,0.9,-4.7,-4,-0.6,10556
Brayan Pena,Reds,115,372,5,23,26,2,5.40%,11.30%,0.101,0.273,0.253,0.291,0.353,0.284,77,-7.2,-16.8,0.7,-0.6,3231
Mike Olt,Cubs,89,258,12,23,33,0,9.70%,38.80%,0.196,0.203,0.16,0.248,0.356,0.27,66,-0.7,-10.5,-2.7,-0.6,10698
Grady Sizemore,- - -,112,381,5,35,27,6,8.70%,19.90%,0.121,0.285,0.233,0.299,0.354,0.293,83,0.4,-6.8,-10.7,-0.6,2197
L.J. Hoes,Astros,55,136,3,12,11,0,7.40%,22.80%,0.115,0.198,0.172,0.23,0.287,0.232,43,0.9,-7.6,-2.6,-0.6,6656
Nate McLouth,Nationals,79,162,1,10,7,4,9.90%,21.60%,0.065,0.221,0.173,0.28,0.237,0.243,50,1.1,-8,-2.6,-0.6,3190
Ryan Goins,Blue Jays,67,193,1,14,15,0,2.60%,21.80%,0.083,0.237,0.188,0.209,0.271,0.212,26,-1.1,-16.8,4.7,-0.6,9807
Ryan Ludwick,Reds,112,400,9,28,45,0,7.80%,23.50%,0.132,0.302,0.244,0.308,0.375,0.304,91,-4.2,-8.5,-9.2,-0.6,1260
Ryan Doumit,Braves,100,166,5,11,17,1,4.20%,29.50%,0.121,0.25,0.197,0.235,0.318,0.244,52,-0.5,-9.5,-1.5,-0.7,2113
Brendan Ryan,Yankees,49,124,0,5,8,0,3.20%,24.20%,0.035,0.221,0.167,0.211,0.202,0.19,12,-1.2,-13.2,2.9,-0.7,6073
Dayan Viciedo,White Sox,145,563,21,65,58,0,5.70%,21.70%,0.174,0.261,0.231,0.281,0.405,0.301,88,0.3,-7.2,-17.4,-0.7,3917
Reed Johnson,Marlins,113,201,2,24,25,0,0.50%,18.40%,0.112,0.278,0.235,0.266,0.348,0.272,69,0.4,-6.6,-5.8,-0.7,1702
Aaron Hill,Diamondbacks,133,541,10,52,60,4,5.20%,17.00%,0.124,0.276,0.244,0.287,0.367,0.289,78,-1.6,-15.1,-7.5,-0.7,6104
Alfredo Marte,Diamondbacks,44,114,2,8,9,1,5.30%,29.80%,0.123,0.229,0.17,0.221,0.292,0.231,38,-0.1,-8,-2.2,-0.8,5212
Will Middlebrooks,Red Sox,63,234,2,14,19,1,6.40%,29.90%,0.074,0.273,0.191,0.256,0.265,0.238,44,-0.5,-15,0.3,-0.8,7002
Ryan Kalish,Cubs,57,130,0,13,5,3,6.20%,21.50%,0.099,0.323,0.248,0.295,0.347,0.282,75,0.1,-3.6,-7.5,-0.8,6962
Dan Uggla,- - -,52,157,2,14,10,0,7.00%,29.30%,0.064,0.202,0.149,0.229,0.213,0.209,28,1.1,-11.6,-0.3,-0.8,3442
Javier Baez,Cubs,52,229,9,25,20,5,6.60%,41.50%,0.155,0.248,0.169,0.227,0.324,0.248,51,1,-11.5,-3,-0.8,12979
Marc Krauss,Astros,67,208,6,16,21,0,10.10%,26.00%,0.129,0.238,0.194,0.279,0.323,0.275,73,-2.1,-8.2,-6.4,-0.9,7577
Jordan Pacheco,- - -,69,165,0,10,16,0,5.50%,16.40%,0.078,0.307,0.255,0.299,0.333,0.283,67,-2,-8.1,-5,-0.9,2677
Josh Rutledge,Rockies,105,342,4,44,33,2,5.80%,24.30%,0.136,0.353,0.269,0.323,0.405,0.322,88,-1.2,-5.8,-12.7,-0.9,11167
John Baker,Cubs,68,208,0,9,15,0,9.10%,27.90%,0.038,0.278,0.192,0.273,0.231,0.23,39,-1.6,-15.8,0.8,-1,4756
Junior Lake,Cubs,108,326,9,30,25,7,4.30%,33.70%,0.14,0.293,0.211,0.246,0.351,0.264,62,1.3,-12.5,-6,-1,4672
Carlos Quentin,Padres,50,155,4,9,18,0,11.00%,21.30%,0.138,0.196,0.177,0.284,0.315,0.274,76,-3.1,-7.2,-6.3,-1,6274
Chris Colabello,Twins,59,220,6,17,39,0,6.40%,30.00%,0.151,0.308,0.229,0.282,0.38,0.293,85,-1,-4.6,-11.6,-1,13051
Raul Ibanez,- - -,90,280,5,23,26,3,11.80%,21.10%,0.118,0.197,0.167,0.264,0.285,0.253,61,-2.9,-14.9,-3.3,-1,607
James Jones,Mariners,108,328,0,46,9,27,3.70%,20.40%,0.061,0.318,0.25,0.278,0.311,0.262,68,4.2,-7.6,-12.3,-1,9767
Nate Schierholtz,- - -,122,383,7,32,37,4,5.20%,21.90%,0.113,0.231,0.195,0.243,0.309,0.246,50,-0.8,-22.1,1.5,-1,6201
Tony Gwynn,Phillies,80,127,0,14,3,3,11.80%,18.10%,0.038,0.195,0.152,0.264,0.19,0.218,33,-0.5,-10.1,-3.2,-1,6141
Jay Bruce,Reds,137,545,18,71,66,12,8.10%,27.30%,0.156,0.269,0.217,0.281,0.373,0.288,79,0.3,-12.4,-13.6,-1.1,9892
Jason Kubel,Twins,45,176,1,12,13,1,10.80%,33.50%,0.071,0.354,0.224,0.313,0.295,0.278,75,0.6,-4.3,-11.2,-1.1,2161
Alfonso Soriano,Yankees,67,238,6,22,23,1,2.50%,29.80%,0.146,0.288,0.221,0.244,0.367,0.265,64,1.5,-8.1,-9.8,-1.1,847
Ryan Raburn,Indians,74,212,4,18,22,0,6.10%,24.10%,0.097,0.245,0.2,0.25,0.297,0.244,54,-1.4,-12,-5.1,-1.1,2218
Oscar Taveras,Cardinals,80,248,3,18,22,0,4.80%,14.90%,0.073,0.272,0.239,0.278,0.312,0.265,67,-1.7,-10.9,-6.7,-1.1,11173
Charlie Culberson,Rockies,95,233,3,17,24,2,5.20%,26.60%,0.095,0.259,0.195,0.253,0.29,0.242,33,2,-15.4,-1.8,-1.1,3298
Stephen Drew,- - -,85,300,7,18,26,1,9.00%,25.00%,0.137,0.194,0.162,0.237,0.299,0.238,44,-3.2,-21.6,1.5,-1.1,4251
Alberto Callaspo,Athletics,127,451,4,37,39,0,8.90%,11.10%,0.067,0.242,0.223,0.29,0.29,0.264,68,-3.4,-19.2,-5.7,-1.1,3336
Paul Konerko,White Sox,81,224,5,15,22,0,4.50%,22.80%,0.111,0.247,0.207,0.254,0.317,0.257,57,-1.3,-11.9,-5.9,-1.2,242
J.P. Arencibia,Rangers,63,222,10,20,35,0,4.50%,27.90%,0.192,0.195,0.177,0.239,0.369,0.27,64,-0.9,-9.5,-8.6,-1.2,697
Corey Hart,Mariners,68,255,6,17,21,2,6.30%,23.10%,0.116,0.244,0.203,0.271,0.319,0.266,70,-2.3,-10.7,-8.5,-1.2,1945
Stefen Romero,Mariners,72,190,3,19,11,0,2.10%,25.30%,0.107,0.244,0.192,0.234,0.299,0.239,51,-2.2,-12.3,-5,-1.2,11746
Leury Garcia,White Sox,74,155,1,13,6,11,3.20%,31.00%,0.041,0.237,0.166,0.192,0.207,0.177,2,2.6,-14.1,-2.2,-1.2,5913
Cody Ross,Diamondbacks,83,219,2,15,15,0,6.80%,20.10%,0.069,0.312,0.252,0.306,0.322,0.284,74,0.3,-6.1,-11.7,-1.2,1760
Jon Singleton,Astros,95,362,13,42,44,2,13.80%,37.00%,0.168,0.238,0.168,0.285,0.335,0.283,79,-1.5,-9.8,-13.3,-1.3,10441
Skip Schumaker,Reds,83,271,2,22,22,2,6.60%,18.50%,0.073,0.284,0.235,0.287,0.308,0.269,66,0.2,-10,-9.5,-1.3,3704
Jose Molina,Rays,80,247,0,4,10,3,5.70%,22.30%,0.009,0.233,0.178,0.23,0.187,0.196,23,-0.8,-21.7,2,-1.3,25
Mark Trumbo,Diamondbacks,88,362,14,37,61,2,7.70%,24.60%,0.18,0.274,0.235,0.293,0.415,0.308,91,-4.4,-8.2,-14.4,-1.3,6876
Allen Craig,- - -,126,505,8,41,46,2,6.90%,22.40%,0.1,0.266,0.215,0.279,0.315,0.269,69,-4.6,-22.2,-5.8,-1.4,3433
Nick Swisher,Indians,97,401,8,33,42,0,9.00%,27.70%,0.122,0.273,0.208,0.278,0.331,0.274,75,-0.2,-11.2,-16,-1.6,4599
Matt Dominguez,Astros,157,607,16,51,57,0,4.80%,20.60%,0.115,0.244,0.215,0.256,0.33,0.26,63,-2.7,-27.4,-7.5,-1.7,4903
Domonic Brown,Phillies,144,512,10,47,63,7,6.60%,17.80%,0.114,0.269,0.235,0.285,0.349,0.28,75,-1.5,-15.7,-14.9,-1.7,3154
Kendrys Morales,- - -,98,401,8,28,42,0,6.70%,17.00%,0.12,0.244,0.218,0.274,0.338,0.271,72,-4.9,-17.2,-11.5,-1.7,8610
Michael Choice,Rangers,86,280,9,20,36,1,7.50%,24.60%,0.138,0.208,0.182,0.25,0.32,0.257,55,-0.8,-14.7,-13.8,-2.1,11376
